{"compas": "0.17.2", "datatype": "compas.datastructures/Network", "data": {"attributes": {"name": "Assembly"}, "node_attributes": {"x": 0.0, "y": 0.0, "z": 0.0, "is_planned": false, "is_placed": false}, "edge_attributes": {}, "node": {"0": {"x": 0.325, "y": 0.4, "z": 0.007, "is_planned": true, "element": {"frame": {"point": [0.325, 0.4, 0.007], "xaxis": [6.123233995736766e-17, 1.0, 0.0], "yaxis": [-1.0, 6.123233995736766e-17, 0.0]}, "_tool_frame": {"point": [0.325, 0.4, 0.007], "xaxis": [6.123233995736766e-17, 1.0, 0.0], "yaxis": [-1.0, 6.123233995736766e-17, 0.0]}, "_source": {"dtype": "compas.geometry.shapes.box/Box", "data": {"frame": {"point": [0.325, 0.4, 0.0045000000000000005], "xaxis": [6.123233995736766e-17, 1.0, 0.0], "yaxis": [-1.0, 6.123233995736766e-17, 0.0]}, "xsize": 0.23, "ysize": 0.02, "zsize": 0.005}}, "_mesh": {"compas": "0.17.2", "datatype": "compas.datastructures/Mesh", "data": {"attributes": {"name": "Box"}, "dva": {"x": 0.0, "y": 0.0, "z": 0.0}, "dea": {}, "dfa": {}, "vertex": {"0": {"z": 0.002, "y": 0.28500000000000003, "x": 0.335}, "1": {"z": 0.002, "y": 0.28500000000000003, "x": 0.315}, "2": {"z": 0.002, "y": 0.515, "x": 0.315}, "3": {"z": 0.002, "y": 0.515, "x": 0.335}, "4": {"z": 0.007, "y": 0.28500000000000003, "x": 0.335}, "5": {"z": 0.007, "y": 0.515, "x": 0.335}, "6": {"z": 0.007, "y": 0.515, "x": 0.315}, "7": {"z": 0.007, "y": 0.28500000000000003, "x": 0.315}}, "face": {"6": [1, 2, 3], "7": [3, 0, 1], "8": [3, 5, 4], "9": [4, 0, 3], "10": [2, 6, 5], "11": [5, 3, 2], "12": [1, 7, 6], "13": [6, 2, 1], "14": [0, 4, 7], "15": [7, 1, 0], "16": [5, 6, 7], "17": [7, 4, 5]}, "facedata": {"6": {}, "7": {}, "8": {}, "9": {}, "10": {}, "11": {}, "12": {}, "13": {}, "14": {}, "15": {}, "16": {}, "17": {}}, "edgedata": {}, "max_vertex": 7, "max_face": 17}}, "trajectory": [{"values": [0.917, 5.017, 2.684, 3.294, -1.571, 0.917], "types": [0, 0, 0, 0, 0, 0], "joint_names": [], "velocities": [0.0, 0.0, 0.0, 0.0, 0.0, 0.0], "accelerations": [2.9877149741258173, 0.0, 0.0, 0.0, 0.0, 0.0], "effort": [0.0, 0.0, 0.0, 0.0, 0.0, 0.0], "time_from_start": {"secs": 0, "nsecs": 0}}, {"values": [0.9337631367203052, 5.024995303308423, 2.6878850428894627, 3.282313413253744, -1.5709385071898339, 0.9337631486556326], "types": [0, 0, 0, 0, 0, 0], "joint_names": [], "velocities": [0.273395330001447, 0.1316157652361827, 0.05890147923256571, -0.18742210482627905, 0.001062882740660995, 0.2733953923978787], "accelerations": [3.0738846928762893, 1.4986216376421702, 0.5933238093849742, -2.058149135350647, 0.012877108261400733, 3.073883350816553], "effort": [0.0, 0.0, 0.0, 0.0, 0.0, 0.0], "time_from_start": {"secs": 0, "nsecs": 105930997}}, {"values": [0.9508246619359864, 5.033239877444698, 2.691447470552539, 3.270697916242938, -1.5708706524552232, 0.950824674403611], "types": [0, 0, 0, 0, 0, 0], "joint_names": [], "velocities": [0.2904979316469026, 0.14088097282318057, 0.05849877022811413, -0.1961510663656945, 0.001184752955487878, 0.29049786856564674], "accelerations": [-2.924885111964677, -1.3983220780969476, -0.6750556554463457, 2.039593798917275, -0.010754661705510348, -2.9248873553921664], "effort": [0.0, 0.0, 0.0, 0.0, 0.0, 0.0], "time_from_start": {"secs": 0, "nsecs": 149842338}}, {"values": [0.96817896652267, 5.041716969786054, 2.6946820365534605, 3.259175281678133, -1.5707963265416847, 0.9681789665204561], "types": [0, 0, 0, 0, 0, 0], "joint_names": [], "velocities": [0.09622548956232294, -0.0642943083932469, 0.014558870057636474, 0.050783530406217636, 0.00041211958443492067, 0.0962254204200223], "accelerations": [-1.6728032386404907, -2.751939604410808, -0.37047342327157917, 3.1041927916206187, -0.00716436687640621, -1.6728020366573113], "effort": [0.0, 0.0, 0.0, 0.0, 0.0, 0.0], "time_from_start": {"secs": 0, "nsecs": 240017516}}, {"values": [0.9681789613382095, 5.010571646204573, 2.69373729517205, 3.291265346641025, -1.5707963265416847, 0.9681789613359956], "types": [0, 0, 0, 0, 0, 0], "joint_names": [], "velocities": [-6.152245741756749e-08, -0.3677137307467677, -0.014985996551528455, 0.38269972729829616, 0.0, -6.152245741756749e-08], "accelerations": [-4.888712194075273e-07, -2.899330674766029, -0.16450656010430786, 3.063837234870336, 0.0, -4.888712194075273e-07], "effort": [0.0, 0.0, 0.0, 0.0, 0.0, 0.0], "time_from_start": {"secs": 0, "nsecs": 379936408}}, {"values": [0.9681789561537494, 4.9796528479251405, 2.6923373583098744, 3.323584081782633, -1.5707963265416847, 0.9681789561515355], "types": [0, 0, 0, 0, 0, 0], "joint_names": [], "velocities": [-9.816008591263936e-08, -0.5823446461019617, -0.03130713059850233, 0.6136517767004639, 0.0, -9.816008591263936e-08], "accelerations": [-4.5370391435440113e-07, -2.5917907926358117, -0.3015322904102175, 2.89332308304603, 0.0, -4.5370391435440113e-07], "effort": [0.0, 0.0, 0.0, 0.0, 0.0, 0.0], "time_from_start": {"secs": 0, "nsecs": 440226725}}, {"values": [0.9681789509692892, 4.94902136026086, 2.690486175769031, 3.3560667519877567, -1.5707963265416847, 0.9681789509670753], "types": [0, 0, 0, 0, 0, 0], "joint_names": [], "velocities": [-1.1040692572467227e-07, -0.648630368737855, -0.04417570592882967, 0.6928060746666846, 0.0, -1.1040692572467227e-07], "accelerations": [-3.3366777131220444e-09, 0.13744335932613497, -0.2036456796001761, 0.06620232027404113, 0.0, -3.3366777131220444e-09], "effort": [0.0, 0.0, 0.0, 0.0, 0.0, 0.0], "time_from_start": {"secs": 0, "nsecs": 487217813}}, {"values": [0.9681789457848288, 4.91873616282264, 2.6881888917393195, 3.3886492334556886, -1.5707963265416847, 0.9681789457826149], "types": [0, 0, 0, 0, 0, 0], "joint_names": [], "velocities": [-9.804421152288921e-08, -0.5694032418632466, -0.04707550591918119, 0.6164787477824241, 0.0, -9.804421152288921e-08], "accelerations": [4.6297321898424333e-07, 2.828217841745858, 0.07001962834316068, -2.898237470089157, 0.0, 4.6297321898424333e-07], "effort": [0.0, 0.0, 0.0, 0.0, 0.0, 0.0], "time_from_start": {"secs": 0, "nsecs": 534142264}}, {"values": [0.9681789406003687, 4.888853750005116, 2.6854517713980703, 3.421268766614461, -1.5707963265416847, 0.9681789405981548], "types": [0, 0, 0, 0, 0, 0], "joint_names": [], "velocities": [-6.039185703030439e-08, -0.34654130067644734, -0.033351256535676575, 0.37989255721211873, 0.0, -6.039185703030439e-08], "accelerations": [4.849933513006479e-07, 2.825201991295456, 0.22781924699419895, -3.053021238289612, 0.0, 4.849933513006479e-07], "effort": [0.0, 0.0, 0.0, 0.0, 0.0, 0.0], "time_from_start": {"secs": 0, "nsecs": 594706153}}, {"values": [0.9681789354159084, 4.8594275459692335, 2.682282112137935, 3.4538646299104783, -1.5707963265416847, 0.9681789354136945], "types": [0, 0, 0, 0, 0, 0], "joint_names": [], "velocities": [0.0, 0.0, 0.0, 0.0, 0.0, 0.0], "accelerations": [4.774543937250953e-07, 2.709958140225029, 0.2919045862411816, -3.00186272646617, 0.0, 4.774543937250953e-07], "effort": [0.0, 0.0, 0.0, 0.0, 0.0, 0.0], "time_from_start": {"secs": 0, "nsecs": 742073352}}, {"values": [0.9681789354159084, 4.8594275459692335, 2.682282112137935, 3.4538646299104783, -1.5707963265416847, 0.9681789354136945], "types": [0, 0, 0, 0, 0, 0], "joint_names": [], "velocities": [0.0, 0.0, 0.0, 0.0, 0.0, 0.0], "accelerations": [-0.6728644160697748, 0.0, 0.0, 0.0, 0.0, 0.0], "effort": [0.0, 0.0, 0.0, 0.0, 0.0, 0.0], "time_from_start": {"secs": 0, "nsecs": 0}}, {"values": [0.9208481505246439, 4.871552472798575, 2.663609644509009, 3.458429433028638, -1.5701808254145004, 0.7478810753605651], "types": [0, 0, 0, 0, 0, 0], "joint_names": [], "velocities": [-0.19873147002833597, 0.05090987902095012, -0.07840155090345684, 0.01916659603566373, 0.002584352744000763, -0.9249818627143721], "accelerations": [-0.5280105452444238, 0.13526268877467906, -0.20830543665097567, 0.05092381605100744, 0.006866378542209688, -2.457588511791222], "effort": [0.0, 0.0, 0.0, 0.0, 0.0, 0.0], "time_from_start": {"secs": 0,